{
  " at ": " à ",
  "A fresh verification link has been sent to your email address.": "Un nouveau lien de vérification a été expédié, consultez vos emails.",
  "A new verification link has been sent to the email address you provided during registration.": "Un lien de vérification a été ré-envoyé à l'adresse mail que vous avez renseigné lors de votre inscription.",
  "Abort reply": "Annuler la réponse",
  "About Our Site": "A propos de notre site",
  "About us": "A propos de nous",
  "Active": "Publié",
  "Add": "Ajouter",
  "Add Comment": "Ajouter un commentaire",
  "Add User": "Ajouter un Utilisateur",
  "Add Student Class": "Ajouter une classe d'étudiant",
  "Add Student Year": "Ajouter une année étudiante",
  "Add Student Group": "Ajouter un groupe d'étudiants",
    "Group": "Groupe",
    "Shift": "Shift",
    "Add Fee Category": "Ajouter une catégorie de frais",
  "Added.": "Ajouté",
  "Address": "Adresse",
  "Admin": "Administrateur",
  "Administrator users can perform any action.": "Les administrateurs peuvent réaliser toutes les opérations.",
  "Administrator": "Administrateur",
  "All categories": "Toutes les catégories",
  "All comments": "Tous les commentaires",
  "All contacts": "Tous les contacts",
  "All follows": "Tous les liens",
  "All pages": "Toutes les pages",
  "All posts": "Tous les articles",
  "All rights reserved.": "Tous droits réservés.",
  "All users": "Tous les utilisateurs",
  "Already registered?": "Déjà enregistré(e) ?",
  "Already have an account?": "Vous avez déja un compte?",
  "Amount": "Montant",
  "and password": "et le mot de passe",
  "An account has been created for you on" : "Un compte a été créé pour vous sur",
    "Assign Subject": "Attribuer un sujet",
    "Assign Subject List": "Liste des sujets attribuer",
    "Class": "Classe",
    "Class Name": "Nom de la classe",
    "Subject Assign Inserted Successfully": "Affectation du sujet insérée avec succès",
    "Subject Assign Updated Successfully": "Affectation du sujet mise à jour avec succès",
    "Sorry You do not select any Subject": "Désolé, vous n'avez sélectionnez aucun sujet",
    "Add Assign Subject": "Ajouter une affectation de sujet",
    "Edit Assign Subject": "Modifier une affectation de sujet",
    "Full Mark": "Note complète",
    "Pass Mark": "Note de passage",
    "Subjective Mark": "Marque subjective",
    "Assign Subject Details": "Details des sujets attribuer",
  "Answer to": "En réponse à",
  "Approval": "Approbation",
  "Approve": "Approuver",
  "Are you sure?": "Êtes-vous sûr?",
  "Are you sure you want to delete your account? Once your account is deleted, all of its resources and data will be permanently deleted. Please enter your password to confirm you would like to permanently delete your account.": "Voulez-vous vraiment supprimer votre compte ? Une fois votre compte supprimé, toutes ses ressources et données seront définitivement supprimées ! Saisissez votre mot de passe pour confirmer la suppression définitive de votre compte.",
  "Author": "Auteur/autrice",
  "Before proceeding, please check your email for a verification link.": "Avant de poursuivre, vérifiez vos emails. Un email avec un lien de confirmation d'ouverture de compte vous a été expédié.",
  "Beneficial Technique": "Technique Beneficial",
  "Body": "Contenu",
  "By:": "Par :",
  "Change Password": "Changer Mot de Passe",
  "Change supervisor": "Changer de superviseur",
  "Category Creation": "Création d'une catégorie",
  "Category Edit": "Modification d'une catégorie",
  "Categories": "Catégories",
  "City": "Ville",
  "Choose": "Choisir",
  "Choose File": "Choisir le fichier",
  "click here to request another": "cliquez ici pour en recevoir un autre",
  "Clone": "Dupliquer",
  "Close": "Fermer",
  "Close Search": "Fermer la zone de recherche",
  "Code": "Code",
  "Code new supervisor": "Code du nouveau superviseur",
  "Comment": "Commentaire",
  "Comment Edit": "Modification d'un commentaire",
  "Comments": "Commentaires",
  "Confirm": "Confirmer",
  "Confirm Password": "Confirmer le mot de passe",
  "Confirm your Password": "Confirmez votre mot de passe",
  "Confirmed": "Confirmé",
  "Create": "Créer",
  "Create Users": "Créer un utilisateur",
  "Created.": "Créé",
  "Creation date": "Date de céation",
  "Current Password": "Mot de passe actuel",
    "Fee Amount Inserted Successfully": "Montant des frais inséré avec Add Fee Amount",
    "Data Updated Successfully": "Données mises à jour avec succès",
  "Dashboard": "Tableau de bord",
  "Date start": "Date de debut",
  "Date end": "Date de fin",
    "Date of Birth": "Date de naissance",
    "Discount": "Remise",
  "Date of death": "Date de décès",
  "Date for export": "Date pour exportation",
  "Dear Mrs/Ms/Mr " : "Cher Mme/Mlle/Mr ",
  "Declaration date": "Date de déclaration",
  "Deduction date": "Date de déduction",
  "Delete Account": "Supprimer le compte",
  "Delete This Data?": "Supprimer ces données?",
  "Delete": "Supprimer",
  "Delete definitely": "Supprimer définitivement",
    "Designation": "Désignation",
    "Designation List": "Liste des désignations",
    "Add Designation": "Ajouter une désignation",
    "Designation Name": "Nom de la désignation",
    "Edit Designation": "Modifier la désignation",
    "Designation Inserted Successfully": "Désignation insérée avec succès",
    "Designation Updated Successfully": "Désignation mise à jour avec succès",
    "Designation Deleted Successfully": "Désignation supprimée avec succès",
  "Disable": "Désactiver",
  "Disapprove": "Désapprouver",
  "Done.": "Terminé",
  "Don't have an account?": "Vous n'avez pas de compte?",
  "E-Mail Address": "Adresse mail",
  "Edit": "Modifier",
  "Edit User": "Modifier l'utilisateur",
  "Edit profile": "Editer le profil",
  "Editor": "Éditeur",
    "Easy School Management System": "Système de gestion scolaire facile",
    "Exam Type": "Type d'examen",
    "Exam Type List": "Liste des types d'examen",
    "Exam Type Inserted Successfully": "Type d'examen inséré avec succès",
    "Exam Type Updated Successfully": "Type d'examen mis à jpur avec succès",
    "Exam Type Deleted Successfully": "Type d'examen supprimé avec succès",
    "Add Exam Type": "Ajouter un type d'examen",
    "Edit Exam Type": "Modifier le type d'examen",
    "Exam Type Name": "Nom du type d'examen",
    "Exam Fee": "Frais d'examen",
  "Editor users have the ability to read, create, and update.": "Les éditeurs peuvent lire, créer et modifier.",
  "Email Password Reset Link": "Lien de réinitialisation du mot de passe",
  "Email": "Email",
  "E-mail adress" : "Adresse e-mail",
  "User Email" : "E-mail de l'utilisateur",
  "User Password" : "Mot de passe de l'utilisateur",
  "Email address": "Address Email",
  "Enable": "Activer",
  "Export data": "Exporter les données",
  "Export to txt": "Exporter en txt",
  "Ensure your account is using a long, random password to stay secure.": "Assurez-vous d'utiliser un mot de passe assez long et aléatoire pour bien sécuriser votre compte.",
  "Error": "Erreur 500, bug informatique",
  "Excerpt": "Extrait",
    "Fee Category": "Catégorie de frais",
    "Fee Category List": "Liste des catégories de frais",
    "Fee Category Name": "Nom de la catégorie de frais",
    "Fee Category Inserted Successfully": "Catégorie de frais insérée avec succès",
    "Fee Category Updated Successfully": "Catégorie de frais mise à jour avec succès",
    "Fee Category Deleted Successfully": "Catégorie de frais supprimé avec succès",
    "Fee Category Amount": "Montant de la catégorie de frais",
    "Fee Amount Details": "Détails du montant des frais",
  "Female": "Femme",
  "Filter by date": "Filtrer par date",
  "Follow Creation": "Création d'un lien social",
  "Follow Us": "Suivez-nous",
  "Follow": "Social",
  "Follows": "Liens sociaux",
  "For your security, please confirm your password to continue.": "Pour votre sécurité, confirmez votre mot de passe pour continuer.",
  "Forbidden": "Erreur 403, accès interdit",
  "Forgot your password? No problem. Just let us know your email address and we will email you a password reset link that will allow you to choose a new one.": "Mot de passe oublié ? Pas de soucis. Indiquez votre adresse mail et vous recevrez un lien de réinitialisation.",
  "Forgot Your Password?": "Mot de passe oublié ?",
  "Forgot your password?": "Mot de passe oublié ?",
  "Go Home": "Aller à l'accueil",
  "Follow Edit": "Modification d'un lien social",
  "Go to page :page": "Aller à la page :page",
  "Get In Touch With Us": "Entrez en contact avec nous",
  "Hello!": "Bonjour,",
  "hi": "salut",
  "Home": "Accueil",
  "If necessary, you may logout of all of your other browser sessions across all of your devices. If you feel your account has been compromised, you should also update your password.": "Si nécessaire, vous pouvez vous déconnecter sur tous vos périphériques. Si vous pensez que votre compte est corrompu, mettez à jour votre mot de passe.",
  "If you did not create an account, no further action is required.": "Si vous n'êtes pas à l'origine de ce mail, ignorez et supprimez le ! Désolé pour la gène occasionnée.",
  "If you did not receive the email": "Si vous n'avez pas reçu cet email",
  "If you did not request a password reset, no further action is required.": "Si vous n'avez pas demandé de réinitialisation de mot de passe, aucune autre action n'est requise.",
  "If you’re having trouble clicking the \":actionText\" button, copy and paste the URL below\ninto your web browser:": "Si vous avez des problèmes en cliquant sur le bouton \":actionText\", faites un copié/collé de l'url ci-dessous dans votre navigateur :",
  "In": "Dans",
  "Invalid contract": "Contrat non valide",
  "Invalid payment": "Paiement invalide",
  "Invalid signature.": "Signature invalide.",
  "Last active": "Dernier actif",
  "Last update": "Dernière modification",
  "Last used": "Dernière utilisation",
  "Leave": "Quitter",
  "Link": "Lien",
  "Place": "Lieu",
  "Login": "Connexion",
  "Login DEEGRE INSURANCE": "Connexion DEEGRE INSURANCE",
  "Logout": "Déconnexion",
  "More info": "En savoir plus",
  "Mrs/Ms/Mr" : "Mme/Mlle/Mr",
  "Male": "Homme",
  "Name": "Nom",
  "name": "nom",
  "Manage Profile": "Gérer le profil",
  "Manage User": "Gérer l'Utilisateur",
  "Modify a user's profile": "Modifier le profil d'un utilisateur",
    "Monthly Fee": "Frais mensuels",
  "Nevermind": "Ne rien faire",
  "New": "Nouveau",
  "New comments": "Nouveaux commentaires",
  "New Comments": "Nouveaux commentaires",
  "New contacts": "Nouveaux contacts",
  "New Password": "Nouveau mot de passe",
  "New Posts": "Nouveaux articles",
  "New posts": "Nouveaux articles",
  "New Users": "Nouveaux utilisateurs",
  "New users": "Nouveaux utilisateurs",
  "Next": "Suiv",
  "Next One": "Suivant",
  "No": "Non",
  "No, cancel it!": "Nom, annulez-le",
  "Not Found": "Non trouvé",
  "Not published": "Pas publié",
  "Not registered?": "Pas encore inscrit ?",
  "Notify me of follow-up comments by email.": "Prévenez-moi de tous les nouveaux commentaires par e-mail.",
  "of": "de",
  "Oh no": "Oh non",
  "On": "Le",
  "Oops!": "Oops!",
  "Oops! Page not found": "Oops! page non trouvée",
  "Oops! Something went wrong.": "Oops! Quelque chose a mal tourné.",
    "Operator": "Operateur",
  "Page Creation": "Création d'une page",
  "Page Edit": "Modification d'une page",
  "Page Expired": "Erreur 419, session expiré",
  "Page Not Found": "Erreur 404, page non trouvée",
  "Password": "Mot de passe",
  "Password is incorrect": "Le mot de passe est incorrect",
  "Password reset": "Réinitialisation du mot de passe",
  "Password has been reset successfully": "Le mot de passe a été réinitialisé avec succès",
  "Payment": "Paiement",
  "payment after subscription has not been made for this policy": "Le paiement après souscription n'a pas été effectué pour cette police",
  "Permissions": "Permissions",
  "Phone number" : "Numéro de téléphone",
  "Photo": "Image",
  "Please click the button below to verify your email address.": "Cliquez sur le bouton ci-dessous pour valider votre adresse mail.",
  "Posted By": "Publié par",
  "Previous": "Précédent",
  "Prev": "Préc",
  "Privacy Policy": "Politique de sécurité",
  "Profile Information": "Information du profil",
  "Profile Image": "Image de profil",
  "Profile": "Profil",
  "Published": "Publié",
  "Purge": "Purger",
  "Read More": "En savoir plus",
  "Really delete this comment?": "Vous voulez vraiment supprimer ce commentaire ?",
  "Really delete this post?": "Vous voulez vraiment supprimer cet article ?",
  "Recovery Code": "Code de récupération",
  "Regards": "Salutations",
  "Register": "S'enregistrer",
  "Registration date" : "Date d'insription",
    "Registration Fee": "Frais d'inscription",
  "Remember me": "Se souvenir de moi",
  "Remember Me": "Se souvenir de moi",
  "Remove Photo": "Supprimer l'image",
  "Remove": "Supprimer",
  "Restore": "Restaurer",
  "Reply": "Répondre",
  "Reply to": "Répondre à",
  "Reporting": "Rapport",
  "Reporting Commercial": "Rapport du commercial",
  "Resend Verification Email": "Renvoyer l'email de vérification",
  "Reset Password Notification": "Notification de réinitialisation du mot de passe",
  "Reset Password": "Réinitialiser votre mot de passe",
  "results": "résultats",
  "Role": "Rôle",
  "Search": "Rechercher",
  "Search for...": "Rechercher...",
  "Select role": "Selectionner un role",
  "Select gender": "Selectionner un sexe",
  "SEO Title": "Titre SEO",
  "Save": "Enregistrer",
  "Saved.": "Enregistré",
  "Select Role": "Sélectionnez un rôle",
  "Select A New Photo": "Sélectionner une nouvelle image",
  "Send": "Envoyer",
  "Send Password Reset Link": "M'envoyer le lien de réinitialisation",
  "Server Error": "Erreur serveur",
  "Service Unavailable": "Erreur 503, Service indisponible",
  "Setup Management": "Gestion de l'installation",
  "Sign Up": "S'inscrire",
  "Sign With": "Se connecter avec",
  "Show": "Voir",
    "Student List": "Liste des étudiants",
    "Add Student": "Ajouter un étudiant",
    "Edit Student": "Modifier un étudiant",
    "Student": "Etudiant",
    "Student Name": "Nom de l'étudiant",
    "Father's Name": "Nom du père",
    "Father Name": "Nom du père",
    "Mother's Name": "Nom de la mère",
    "Mobile Number": "Numéro de téléphone",
    "Religion": "Religion",
    "Christian": "Chrétien",
    "Islamic": "Musulman",
    "Protestant": "Protestant",
    "Student Registration Inserted Successfully": "Inscription de l'étudiant insérée avec succès",
    "Student Registration Updated Successfully": "Inscription de l'étudiant mise à jour avec succès",
    "Student Promotion": "Promotion d'étudiant",
    "Promotion": "Promotion",
    "Print Data": "Imprimer donnée",
    "Student Promotion Updated Successfully": "Promotion étudiante mise à jour avec succès",
    "Student Class": "Classe d'étudiant",
    "Student Class List": "Liste des classes d'étudiants",
    "Student Class Name": "Nom de la classe d'étudiant",
    "Student Class Inserted Successfully": "Classe d'étudiant insérée avec succès",
    "Student Class Updated Successfully": "Classe d'étudiant mise à jour avec succès",
    "Student Class Deleted Successfully": "Classe d'étudiant supprimée avec succès",
    "Student Year": "Année étudiante",
    "Student Year List": "Liste des années étudiantes",
    "Student Year Name": "Nom de l'année' étudiante",
    "Student Year Inserted Successfully": "Année étudiante insérée avec succès",
    "Student Year Updated Successfully": "Année étudiante mise à jour avec succès",
    "Student Year Deleted Successfully": "Année étudiante supprimée avec succès",
    "Student Group": "Groupe d'étudiants",
    "Student Group List": "Liste des groupes d'étudiants",
    "Student Group Name": "Nom du groupe d'étudiants",
    "Student Group Inserted Successfully": "Groupe d'étudiants insérés avec succès",
    "Student Group Updated Successfully": "Groupe d'étudiants mise à jour avec succès",
    "Student Group Deleted Successfully": "Groupe d'étudiants supprimée avec succès",
    "Add Student Shift": "Ajouter Student Shift",
    "Student Shift": "Student Shift",
    "Student Shift List": "Liste Student Shift",
    "Student Shift Name": "Nom Student Shift",
    "Student Shift Inserted Successfully": "Student Shift insérés avec succès",
    "Student Shift Updated Successfully": "Student Shift mise à jour avec succès",
    "Student Shift Deleted Successfully": "Student Shift supprimée avec succès",
    "Update Student Shift": "Mettre à jour Student Shift",
    "Student Fee Amount List": "Liste des montants des frais étudiants",
    "Add Fee Amount": "Ajouter le montant des frais",
    "Edit Fee Amount": "Edit Fee Amount",
    "Update Fee Amount": "Update Fee Amount",
    "School Subject": "Matière scolaire",
    "Add School Subject": "Ajouter une matière scolaire",
    "Edit School Subject": "Modifier la matière scolaire",
    "School Subject List": "Listes des matières scolaires",
    "Add Subject": "Ajouter une matière",
    "Edit Subject": "Modifier la matière",
    "Subject": "Sujet",
    "Subject Name": "Nom de la matière",
    "Subject Inserted Successfully": "Matière insérée avec succès",
    "Subject Updated Successfully": "Matière mis à jour avec succès",
    "Subject Deleted Successfully": "Matière supprimée avec succès",
    "Student Management": "Gestion des élèves",
    "Student Registration": "Inscription des élèves",
    "Sorry there are no student": "Désolé il n'y a pas d'étudiant",
    "Well Done Roll Generated Successfully": "Roll généré avec succès",
    "Roll Generator": "Générateur de Roll",
  "Tags": "Etiquettes",
  "Terms": "Données légales",
  "The policy has been added": "La police a bien été ajouter",
  "Thanks for signing up! Before getting started, could you verify your email address by clicking on the link we just emailed to you? If you didn't receive the email, we will gladly send you another.": "Merci de vous être inscrit(e) ! Avant de commencer, confirmez l'ouverture de compte en cliquant sur le lien que avez reçu par mail. Si vous n'avez pas reçu le mail, vous pouvez demander sa réexpédition.",
  "Thanks for your comment. It will appear when an administrator has validated it. Once you are validated your other comments immediately appear.": "Merci pour votre commentaire. Il apparaitra lorsqu'un administrateur l'aura validé. Une fois que vous aurez été validé vos autres commentaires apparaitront immédiatement.",
  "The account has been successfully created": "Le compte a été crée avec succès",
  "The :attribute must be a valid role.": "Le :attribute doit être un rôle valide.",
  "The :attribute must be at least :length characters and contain at least one number.": ":attribute doit comporter :length caractères minimum et contenir au moins un nombre.",
  "The :attribute must be at least :length characters and contain at least one special character.": ":attribute doit comporter :length caractères minimum et contenir au moins un caractère spécial.",
  "The :attribute must be at least :length characters and contain at least one uppercase character and one number.": ":attribute doit comporter :length caractères minimum et contenir au moins une majuscule et un chiffre.",
  "The :attribute must be at least :length characters and contain at least one uppercase character and one special character.": ":attribute doit comporter :length caractères minimum et contenir au moins une majuscule et un caractère spécial.",
  "The :attribute must be at least :length characters and contain at least one uppercase character, one number, and one special character.": ":attribute doit comporter :length caractères minimum et contenir au moins une majuscule, un chiffre et un caractère spécial.",
  "The :attribute must be at least :length characters and contain at least one uppercase character.": ":attribute doit comporter :length caractères minimum et contenir au moins une majuscule.",
  "The :attribute must be at least :length characters.": ":attribute doit comporter :length caractères minimum.",
  "The category has been successfully updated.": "La catégorie a bien été modifiée.",
  "The category has been successfully created.": "La catégorie a bien été créée.",
  "The comment has been successfully updated.": "Le commentaire a bien été modifié.",
  "The follow has been successfully created." : "Le lien social a bien été créé",
  "The follow has been successfully updated." : "Le lien social a bien été modifié",
  "The page has been successfully created.": "La page a bien été créée.",
  "The page has been successfully updated.": "La page a bien été modifiée.",
  "The phone number must be an MTN number.": "Le numéro de téléphone doit être un numéro MTN.",
  "The post has been successfully created": "L'article a bien été enregistré",
  "The post has been successfully updated": "L'article a bien été modifié",
  "The provided password does not match your current password.": "Le mot de passe saisi ne correspond pas au mot de passe enregistré.",
  "The provided password was incorrect.": "Le mot de passe fourni était incorrect.",
  "The supervisor code is invalid": "Le code du superviseur est invalid",
  "The supervisor has been changing successfully": "Le superviseur a été changer avec succès",
  "There is a new comment on post ": "Il y a un nouveau commentaire pour l'article ",
  "This action is unauthorized.": "Cette action n'est pas autorisée.",
  "This is a secure area of the application. Please confirm your password before continuing.": "C'est une zone sécurisée de l'application. Veuillez confirmer votre mot de passe avant de continuer.",
  "This password does not match our records.": "Ce mot de passe ne correspond pas à nos enregistrements.",
  "This password reset link will expire in :count minutes.": "Ce lien de réinitialisation du mot de passe expire dans :count minutes !",
  "this platform" : "cette plateforme",
  "The user has been successfully updated": "L'utilisateur a bien été mis à jour",
  "The user has been successfully deleted": "L'utilisateur a été supprimé avec succès",
  "The user's account as benn placed in the Recycle Bin": "Le compte de l'utilisateur a éré placé dans la corbielle",
  "The user's account has been successfully restored": "Le compte de l'utilisateur a été restauré avec succès",
  "Title": "Titre",
  "To connect please go to this address" : "Pour vous connecter veuillez vous rendre à cette adresse",
  "Transaction date" : "Date transaction",
  "Transaction number" : "Numéro de transaction",
  "All commercial": "Tout les commerciaux",
  "to": "à",
  "Toggle navigation": "Basculer la navigation",
  "Token Name": "Nom du jeton",
  "Too Many Attempts.": "Trop de tentatives.",
  "Too Many Requests": "Erreur 429, trop de requêtes",
  "Unauthorized": "Erreur 401, accès non autorisé",
  "Update Password": "Mettre à jour le mot de passe",
  "Update Profile": "Mettre à jour le profil",
  "Update your account's profile information and email address.": "Mettez à jour vos informations de profil et l'adresse mail de votre compte.",
  "Use a recovery code": "Utilisez un code de récupération",
  "Use an authentication code": "Utilisez un code d'authentification",
  "Use your email address and password to log in You will be prompted to change your password, please do so before starting to navigate the application" : "Utilisez votre adresse e-mail et votre mot de passe pour vous connecter Vous serez invité à modifier votre mot de passe, veuillez le faire avant de commencer à naviguer dans l'application",
  "Use the following information to connect to this platform" : "Utilisez les informatons suivantes pour vous connecter à cette plateforme",
  "User Edit": "Modification d'un utilisateur",
  "User": "Utilisateur",
    "Gender": "Sexe",
  "User Address": "Adresse de l'utilisateur",
  "User Gender": "Sexe de l'utilisateur",
  "User list": "Liste d'utilisateur",
  "User Name": "Nom d'utilisateur",
  "User Role": "Rôle d'utilisateur",
  "User Type": "Type d'utilisateur",
  "User Mobile": "Mobile de l'utilisateur",
  "Users": "Utilisateurs",
  "User deleted Successfully": "Utilisateur supprimé avec succès",
  "User Inserted Successfully": "Utilisateur inséré avec succès",
  "User Updated Successfully": "Utilisateur mis à jour avec succès",
  "User Profile Updated Successfully": "Profil utilisateur mis à jour avec succès",
  "User data we have been updated successfully": "Les données utilisateur on été mise à jour avec succès",
  "User management": "Gestion des utilisateurs",
  "User profile": "Profil utilisateur",
  "USSD": "USSD",
  "Upload (Single File)": "Télécharger (fichier unique)",
  "Update User": "Mettre à jour l'utilisateur",
  "Update Student Class": "Mettre à jour la classe des élèves",
  "Update Student Year": "Mettre à jour l'année étudiante",
    "Update Fee Category": "Mettre à jour la catégorie de frais",
  "Valid": "Valide",
  "Valid contract": "Contrat validé",
  "Verify Email Address": "Valider mon adresse mail",
  "Verify Your Email Address": "Confirmez votre adresse mail",
  "We could not find the page you were looking for.": "Nous n'avons pas trouvé la page que vous recherchiez.",
  "We will work on fixing that right away": "Nous travaillerons à résoudre ce problème tout de suite",
  "We were unable to find a registered user with this email address.": "Nous n'avons pas pu trouver un utilisateur enregistré avec cette adresse mail.",
  "We won't ask for your password again for a few hours.": "Nous ne vous demanderons plus votre mot de passe pour quelques heures",
  "View User": "Voir l'Utilisateur",
  "with it's different information": "avec ces différentes informations",
  "Whoops! Something went wrong.": "Oooops, un problème est survenu !",
  "Whoops!": "Oooops :(",
  "Whoops, something went wrong on our servers.": "Ooops, quelque chose s'est mal passé sur le serveur.",
  "Yes": "Oui",
    "Year": "Année",
  "Yes, delete it!": "Oui, supprimez-le",
  "Your Profile": "Votre profil",
  "You are logged in!": "Vous êtes connecté !",
  "You are not allowed to delete this user account": "Vous n'êtes pas autorisé à supprimer ce compte utilisateur",
  "You are receiving this email because we received a password reset request for your account.": "Vous recevez cet email car nous avons reçu une demande de réinitialisation du mot de passe de votre compte.",
  "You must be connected to add a comment or reply.": "Vous devez être connecté pour ajouter un message ou pour répondre.",
  "Your comment has been saved": "Votre commentaire a bien été enregistré",
  "Your email": "Votre email",
  "Your Message": "Votre message",
  "Your message has been recorded, we will respond as soon as possible.": "Votre message a bien été enregistré. Nous vous répondrons dès que possible.",
  "Your name": "Votre nom",
  "Your password": "Votre mot de passe",
  "Your email address is not verified.": "Votre adresse mail n'a pas été vérifiée.",
    "January": "Janvier",
    "Febuary": "Fevrier",
    "March": "Mars",
    "April": "Avril",
    "May": "Mai",
    "Jun": "Juin",
    "July": "Juillet",
    "August": "Août",
    "September": "Septembre",
    "October": "Octrobre",
    "November": "Novembre",
    "December": "Decembre"
}
