{
    "The provided password does not match your current password.": "The provided password does not match your current password.",
    "User Profile Updated Successfully": "User Profile Updated Successfully",
    "Subject Assign Inserted Successfully": "Subject Assign Inserted Successfully",
    "Sorry You do not select any Subject": "Sorry You do not select any Subject",
    "Data Updated Successfully": "Data Updated Successfully",
    "Designation Inserted Successfully": "Designation Inserted Successfully",
    "Designation Updated Successfully": "Designation Updated Successfully",
    "Designation Deleted Successfully": "Designation Deleted Successfully",
    "Exam Type Inserted Successfully": "Exam Type Inserted Successfully",
    "Exam Type Updated Successfully": "Exam Type Updated Successfully",
    "Exam Type Deleted Successfully": "Exam Type Deleted Successfully",
    "Fee Amount Inserted Successfully": "Fee Amount Inserted Successfully",
    "Sorry You do not select any class amount": "Sorry You do not select any class amount",
    "Fee Category Inserted Successfully": "Fee Category Inserted Successfully",
    "Fee Category Updated Successfully": "Fee Category Updated Successfully",
    "Fee Category Deleted Successfully": "Fee Category Deleted Successfully",
    "Subject Inserted Successfully": "Subject Inserted Successfully",
    "Subject Updated Successfully": "Subject Updated Successfully",
    "Subject Deleted Successfully": "Subject Deleted Successfully",
    "Student Class Inserted Successfully": "Student Class Inserted Successfully", 
    "Student Class Updated Successfully": "Student Class Updated Successfully", 
    "Student Class Deleted Successfully": "Student Class Deleted Successfully", 
    "Student Group Inserted Successfully": "Student Group Inserted Successfully",
    "Student Group Updated Successfully": "Student Group Updated Successfully",
    "Student Group Deleted Successfully": "Student Group Deleted Successfully",
    "Student Shift Inserted Successfully": "Student Shift Inserted Successfully",
    "Student Shift Updated Successfully": "Student Shift Updated Successfully",
    "Student Shift Deleted Successfully": "Student Shift Deleted Successfully",
    "Student Year Inserted Successfully": "Student Year Inserted Successfully",
    "Student Year Updated Successfully": "Student Year Updated Successfully",
    "Student Year Deleted Successfully": "Student Year Deleted Successfully",
    "SL": "SL",
    "ID No": "ID No",
    "Student Name": "Student Name",
    "Roll No": "Roll No",
    "Monthly Fee": "Monthly Fee",
    "Discount": "Discount",
    "Student Fee": "Student Fee",
    "Action": "Action",
    "Fee Slip": "Fee Slip",
    "Reg Fee": "Reg Fee",
    "Student Registration Inserted Successfully": "Student Registration Inserted Successfully",
    "Student Promotion Updated Successfully": "Student Promotion Updated Successfully",
    "Student Registration Updated Successfully": "Student Registration Updated Successfully",
    "Sorry there are no student": "Sorry there are no student",
    "Well Done Roll Generated Successfully": "Well Done Roll Generated Successfully",
    "User Inserted Successfully": "User Inserted Successfully",
    "User Updated Successfully": "User Updated Successfully",
    "User deleted Successfully": "User deleted Successfully",
    "Are you sure?": "Are you sure?",
    "Delete This Data?": "Delete This Data?",
    "Yes, delete it!": "Yes, delete it!",
    "No, cancel it!": "No, cancel it!",
    "All rights reserved.": "All rights reserved.",
    "Logout": "Logout",
    "Create API Token": "Create API Token",
    "API tokens allow third-party services to authenticate with our application on your behalf.": "API tokens allow third-party services to authenticate with our application on your behalf.",
    "Token Name": "Token Name",
    "Permissions": "Permissions",
    "Created.": "Created.",
    "Create": "Create",
    "Manage API Tokens": "Manage API Tokens",                                                                                                                                                                                                                                                                                                 
    "You may delete any of your existing tokens if they are no longer needed.": "You may delete any of your existing tokens if they are no longer needed.",
    "Last used": "Last used",
    "Delete": "Delete",
    "API Token": "API Token",
    "Close": "Close",
    "API Token Permissions": "API Token Permissions",
    "Cancel": "Cancel",
    "Save": "Save",
    "Delete API Token": "Delete API Token",
    "Are you sure you would like to delete this API token?": "Are you sure you would like to delete this API token?",
    "API Tokens": "API Tokens",
    "This is a secure area of the application. Please confirm your password before continuing.": "This is a secure area of the application. Please confirm your password before continuing",
    "Password": "Password",
    "Confirm": "Confirm",
    "Forgot your password? No problem. Just let us know your email address and we will email you a password reset link that will allow you to choose a new one.": "Forgot your password? No problem. Just let us know your email address and we will email you a password reset link that will allow you to choose a new one.",
    "Email": "Email",
    "Email Password Reset Link": "Email Password Reset Link",
    "Log in": "Log in",
    "Remember Me": "Remember Me",
    "Forgot your password?": "Forgot your password?",
    "Not registered?": "Not registered?",
    "Sign Up": "Sign Up",
    "Sign With": "Sign With",
    "Registration": "Registration",
    "Your name": "Your name",
    "Confirm your Password": "Confirm your Password",
    "Already have an account?": "Already have an account?",
    "Login": "Login",
    "Register With": "Register With",
    "Confirm Password": "Confirm Password",
    "Reset Password": "Reset Password",
    "Please confirm access to your account by entering the authentication code provided by your authenticator application.": "Please confirm access to your account by entering the authentication code provided by your authenticator application.",
    "Please confirm access to your account by entering one of your emergency recovery codes.": "Please confirm access to your account by entering one of your emergency recovery codes.",
    "Code": "Code",
    "Recovery Code": "Recovery Code",
    "Use a recovery code": "Use a recovery code",
    "Use an authentication code": "Use an authentication code",
    "A new verification link has been sent to the email address you provided during registration.": "A new verification link has been sent to the email address you provided during registration.",
    "Resend Verification Email": "Resend Verification Email",
    "Log Out": "Log Out",
    "Add Assign subject": "Add Assign subject",
    "Class Name": "Class Name",
    "Select Class": "Select Class",
    "Student Subject": "Student Subject",
    "Select Fee Category": "Select Fee Category",
    "Full Mark": "Full Mark",
    "Pass Mark": "Pass Mark",
    "Subjective Mark": "Subjective Mark",
    "Assign Subject Details": "Assign Subject Details",
    "Add Assign Subject": "Add Assign Subject",
    "Assign Subject": "Assign Subject",
    "Subject": "Subject",
    "Edit Assign Subject": "Edit Assign Subject",
    "Assign Subject List": "Assign Subject List",
    "Edit": "Edit",
    "Details": "Details",
    "Add Designatiobn": "Add Designatiobn",
    "Designation Name": "Designation Name",
    "Edit Designation": "Edit Designation",
    "Designation List": "Designation List",
    "Add Designation": "Add Designation",
    "Name": "Name",
    "Add Exam Type": "Add Exam Type",
    "Exam Type Name": "Exam Type Name",
    "Edit Exam Type": "Edit Exam Type",
    "Exam Type List": "Exam Type List",
    "Add Fee Amount": "Add Fee Amount",
    "Fee Category": "Fee Category",
    "Student Classe": "Student Classe",                                                                                                                                                                                                                                                                              
    "Amount": "Amount",                                                                                                                                                                                                                                                                                
    "Fee Amount Details": "Fee Amount Details",
    "Edit Fee Amount": "Edit Fee Amount",
    "Student Fee Amount List": "Student Fee Amount List",
    "Add Fee Category": "Add Fee Category",
    "Fee Category Name": "Fee Category Name",
    "Update Fee Category": "Update Fee Category",
    "Fee Category List": "Fee Category List",
    "Add School Subject": "Add School Subject",
    "Subject Name": "Subject Name",
    "Edit Subject": "Edit Subject",
    "School Subject List": "School Subject List",
    "Add Subject": "Add Subject",
    "Add Student Class": "Add Student Class",
    "Student Class Name": "Student Class Name",
    "Update Student Class": "Update Student Class",
    "Student Class List": "Student Class List",
    "Add Student Group": "Add Student Group",
    "Student Group Name": "Student Group Name",
    "Update Student Group": "Update Student Group",
    "Student Group List": "Student Group List",
    "Add Student Shift": "Add Student Shift",
    "Student Shift Name": "Student Shift Name",
    "Update Student Shift": "Update Student Shift",
    "Student Shift List": "Student Shift List",
    "Add Student Year": "Add Student Year",
    "Student Year": "Student Year",
    "Update Student Year": "Update Student Year",
    "Student Year Name": "Student Year Name",
    "Student Year List": "Student Year List",
    "School Address": "School Address",
    "Phone": "Phone",
    "Student Exam Fee": "Student Exam Fee",
    "Sl": "Sl",
    "Student Details": "Student Details",
    "Student Data": "Student Data",
    "Student ID No": "Student ID No",
    "Session": "Session",
    "Class": "Class",
    "Exam Fee": "Exam Fee",
    "Discount Fee": "Discount Fee",
    "Fee For this Student of": "Fee For this Student of",
    "Print Data": "Print Data",
    "Student Monthly Fee": "Student Monthly Fee",
    "Student": "Student",
    "Month": "Month",
    "January": "January",
    "Febuary": "Febuary",
    "March": "March",
    "April": "April",
    "May": "May",
    "Jun": "Jun",
    "July": "July",
    "August": "August",
    "September": "September",
    "October": "October",
    "November": "November",
    "December": "December",
    "Student Registration Fee": "Student Registration Fee",
    "Registration Fee": "Registration Fee",
    "Fee For this Student": "Fee For this Student",
    "Search": "Search",
    "Roll Generator": "Roll Generator",
    "Year": "Year",
    "Select Year": "Select Year",
    "Father Name": "Father Name",
    "Gender": "Gender",
    "Roll": "Roll",
    "Add Student": "Add Student",
    "Father's Name": "Father's Name",
    "Mother's Name": "Mother's Name",
    "Mobile Number": "Mobile Number",
    "Address": "Address",
    "Male": "Male",
    "Female": "Female",
    "Religion": "Religion",
    "Christian": "Christian",
    "Protestant": "Protestant",
    "Islamic": "Islamic",
    "Date of Birth": "Date of Birth",
    "Group": "Group",
    "Select Group": "Select Group",
    "Shift": "Shift",
    "Select Shift": "Select Shift",
    "Profile Image": "Profile Image",
    "Upload (Single File)": "Upload (Single File)",
    "Choose File": "Choose File",
    "Student Role": "Student Role",
    "Edit Student": "Edit Student",
    "Select Religion": "Select Religion",
    "Student Promotion": "Student Promotion",
    "Promotion": "Promotion",
    "Student List": "Student List",
    "Id No": "Id No",
    "Image": "Image",
    "Code": "Code",
    "code": "code",
    "Add User": "Add User",
    "User Role": "User Role",
    "Admin": "Admin",
    "Operator": "Operator",
    "User": "User",
    "User Name": "User Name",
    "User Email": "User Email",
    "User Password": "User Password",
    "Change Password": "Change Password",
    "Current Password": "Current Password",
    "New Password": "New Password",
    "Manage Profile": "Manage Profile",
    "User Mobile": "User Mobile",
    "User Address": "User Address",
    "User Gender": "User Gender",
    "Select gender": "Select gender",
    "Update User": "Update User",
    "Edit profile": "Edit profile",
    "User Type": "User Type",
    "Mobile N°": "Mobile N°",
    "Mobile No": "Mobile No",
    "User list": "User list",
    "Role": "Role",
    "Whoops! Something went wrong.": "Whoops! Something went wrong.",
    "Dashboard": "Dashboard",
    "Exam Type": "Exam Type",
    "Select Exam Type": "Select Exam Type",
    "Exam Type Fee": "Exam Type Fee",
    "Select Month": "Select Month",
    "Manage Team": "Manage Team",
    "Team Settings": "Team Settings",
    "Create New Team": "Create New Team",
    "Switch Teams": "Switch Teams",
    "Manage Account": "Manage Account",
    "Profile": "Profile",
    "Delete Account": "Delete Account",
    "Permanently delete your account.": "Permanently delete your account.",
    "Once your account is deleted, all of its resources and data will be permanently deleted. Before deleting your account, please download any data or information that you wish to retain.": "Once your account is deleted, all of its resources and data will be permanently deleted. Before deleting your account, please download any data or information that you wish to retain.",
    "Are you sure you want to delete your account? Once your account is deleted, all of its resources and data will be permanently deleted. Please enter your password to confirm you would like to permanently delete your account.": "Are you sure you want to delete your account? Once your account is deleted, all of its resources and data will be permanently deleted. Please enter your password to confirm you would like to permanently delete your account.",
    "Browser Sessions": "Browser Sessions",
    "Manage and log out your active sessions on other browsers and devices.": "Manage and log out your active sessions on other browsers and devices.",
    "If necessary, you may log out of all of your other browser sessions across all of your devices. Some of your recent sessions are listed below; however, this list may not be exhaustive. If you feel your account has been compromised, you should also update your password.": "If necessary, you may log out of all of your other browser sessions across all of your devices. Some of your recent sessions are listed below; however, this list may not be exhaustive. If you feel your account has been compromised, you should also update your password.",
    "This device": "This device",
    "Last active": "Last active",
    "Log Out Other Browser Sessions":  "Log Out Other Browser Sessions",
    "Done.": "Done.",
    "Please enter your password to confirm you would like to log out of your other browser sessions across all of your devices.": "Please enter your password to confirm you would like to log out of your other browser sessions across all of your devices.",
    "Two Factor Authentication": "Two Factor Authentication",
    "Add additional security to your account using two factor authentication.": "Add additional security to your account using two factor authentication.",
    "You have enabled two factor authentication.": "You have enabled two factor authentication.",
    "You have not enabled two factor authentication.": "You have not enabled two factor authentication.",
    "Store these recovery codes in a secure password manager. They can be used to recover access to your account if your two factor authentication device is lost.": "Store these recovery codes in a secure password manager. They can be used to recover access to your account if your two factor authentication device is lost.",
    "Enable": "Enable",
    "Regenerate Recovery Codes": "Regenerate Recovery Codes",
    "Show Recovery Codes": "Show Recovery Codes",
    "Disable": "Disable",
    "Update Password": "Update Password",
    "Ensure your account is using a long, random password to stay secure.": "Ensure your account is using a long, random password to stay secure.",
    "Saved.": "Saved.",
    "Profile Information": "Profile Information",
    "Photo": "Photo",
    "Select A New Photo": "Select A New Photo",
    "Remove Photo": "Remove Photo"
}