{
    "The provided password does not match your current password.": "Le mot de passe fourni ne correspond pas à votre mot de passe actuel.",
    "User Profile Updated Successfully": "Profil utilisateur mis à jour avec succès",
    "Subject Assign Inserted Successfully": "Subject Attribuez inséré avec succès",
    "Sorry You do not select any Subject": "Désolé de ne sélectionner aucun sujet",
    "Data Updated Successfully": "Données mis à jour avec succès",
    "Designation Inserted Successfully": "Désignation insérée avec succès",
    "Designation Updated Successfully": "Désignation mise à jour avec succès",
    "Designation Deleted Successfully": "Désignation supprimée avec succès",
    "Exam Type Inserted Successfully": "Type d'examen inséré avec succès",
    "Exam Type Updated Successfully": "Type d'examen mis à jour avec succès",
    "Exam Type Deleted Successfully": "Type d'examen supprimé avec succès",
    "Fee Amount Inserted Successfully": "Montant des frais insérés avec succès",
    "Sorry You do not select any class amount": "Désolé, vous ne sélectionnez aucun montant de classe",
    "Fee Category Inserted Successfully": "Catégorie de frais insérés avec succès",
    "Fee Category Updated Successfully": "Catégorie de frais mis à jour avec succès",
    "Fee Category Deleted Successfully": "Catégorie de frais supprimé avec succès",
    "Subject Inserted Successfully": "Sujet inséré avec succès",
    "Subject Updated Successfully": "Sujet mis à jour avec succès",
    "Subject Deleted Successfully": "Sujet supprimé avec succès",
    "Student Class Inserted Successfully": "Classe d'étudiants insérés avec succès",
    "Student Class Updated Successfully": "Classe d'étudiants mis à jour avec succès",
    "Student Class Deleted Successfully": "Classe d'étudiants supprimé avec succès",
    "Student Group Inserted Successfully": "Groupe d'étudiants insérés avec succès",
    "Student Group Updated Successfully": "Groupe d'étudiants mis à jour avec succès",
    "Student Group Deleted Successfully": "Groupe d'étudiants supprimé avec succès",
    "Student Shift Inserted Successfully": "Shift de l'étudiant inséré avec succès",
    "Student Shift Updated Successfully": "Shift d'étudiant mis à jour avec succès",
    "Student Shift Deleted Successfully": "Shift de l'étudiant supprimé avec succès",
    "Student Year Inserted Successfully": "Année d'élève insérée avec succès",
    "Student Year Updated Successfully": "Année d'étudiant mis à jour avec succès",
    "Student Year Deleted Successfully": "Année étudiante supprimée avec succès",
    "SL": "Sl",
    "ID No": "Id no",
    "Student Name": "Nom d'étudiant",
    "Roll No": "Roll",
    "Monthly Fee": "Redevance mensuelle",
    "Discount": "Remise",
    "Student Fee": "Frais d'étudiant",
    "Action": "action",
    "Fee Slip": "Feuillet",
    "Reg Fee": "Frais de reve",
    "Student Registration Inserted Successfully": "Enregistrement des étudiants insérés avec succès",
    "Student Promotion Updated Successfully": "Promotion des étudiants mis à jour avec succès",
    "Student Registration Updated Successfully": "Enregistrement des étudiants mis à jour avec succès",
    "Sorry there are no student": "Désolé il n'y a pas d'étudiant",
    "Well Done Roll Generated Successfully": "Rouleau bien fait généré avec succès",
    "User Inserted Successfully": "Utilisateur inséré avec succès",
    "User Updated Successfully": "Mise à jour de l'utilisateur avec succès",
    "User deleted Successfully": "Utilisateur supprimé avec succès",
    "Are you sure?": "Es-tu sûr?",
    "Delete This Data?": "Supprimer ces données?",
    "Yes, delete it!": "Oui, supprimez-le!",
    "No, cancel it!": "Non, annulez-le!",
    "All rights reserved.": "Tous les droits sont réservés.",
    "Logout": "Se déconnecter",
    "Create API Token": "Créer un jeton API",
    "API tokens allow third-party services to authenticate with our application on your behalf.": "Les jetons API permettent aux services tiers d'authentifier avec notre demande en votre nom.",
    "Token Name": "Nom de jeton",
    "Permissions": "Autorisation",
    "Created.": "Créé.",
    "Create": "Créer",
    "Manage API Tokens": "Gérer les jetons API",
    "You may delete any of your existing tokens if they are no longer needed.": "Vous pouvez supprimer l'un de vos jetons existants si elles ne sont plus nécessaires.",
    "Last used": "Dernière utilisation",
    "Delete": "Supprimer",
    "API Token": "Jeton de feu.",
    "Close": "Fermer",
    "API Token Permissions": "Autorisations de jeton API",
    "Cancel": "Annuler",
    "Save": "sauvegarder",
    "Delete API Token": "Supprimer l'API Token",
    "Are you sure you would like to delete this API token?": "Êtes-vous sûr que vous souhaitez supprimer ce jeton API?",
    "API Tokens": "Jetons API",
    "This is a secure area of the application. Please confirm your password before continuing.": "Ceci est une zone sécurisée de l'application.S'il vous plaît confirmer votre mot de passe avant de continuer",
    "Password": "Mot de passe",
    "Confirm": "Confirmer",
    "Forgot your password? No problem. Just let us know your email address and we will email you a password reset link that will allow you to choose a new one.": "Mot de passe oublié?Aucun problème.Faites-nous juste connaître votre adresse e-mail et nous vous enverrons un courriel de rétablissement par mot de passe vous permettant de choisir un nouveau.",
    "Email": "E-mail",
    "Email Password Reset Link": "Lien de réinitialisation du mot de passe email",
    "Log in": "Connexion",
    "Remember Me": "Souviens-toi de moi",
    "Forgot your password?": "Mot de passe oublié?",
    "Not registered?": "Non enregistré?",
    "Sign Up": "S'inscrire",
    "Sign With": "Signer avec",
    "Registration": "Inscription",
    "Your name": "Votre nom",
    "Confirm your Password": "Confirmer votre mot de passe",
    "Already have an account?": "Vous avez déjà un compte?",
    "Login": "Connexion",
    "Register With": "Inscrivez-vous avec",
    "Confirm Password": "Confirmez le mot de passe de passe de passe",
    "Reset Password": "réinitialiser le mot de passele mot de passe",
    "Please confirm access to your account by entering the authentication code provided by your authenticator application.": "Veuillez confirmer l'accès à votre compte en saisissant le code d'authentification fourni par votre application d'authentification.",
    "Please confirm access to your account by entering one of your emergency recovery codes.": "Veuillez confirmer l'accès à votre compte en entrant l'un de vos codes de récupération d'urgence.",
    "Recovery Code": "Code de récupération",
    "Use a recovery code": "Utilisez un code de récupération",
    "Use an authentication code": "Utilisez un code d'authentification",
    "A new verification link has been sent to the email address you provided during registration.": "Un nouveau lien de vérification a été envoyé à l'adresse e-mail que vous avez fournie lors de l'enregistrement.",
    "Resend Verification Email": "Renvoyer la vérification email",
    "Log Out": "Se déconnecter",
    "Add Assign subject": "Ajouter un sujet d'affiliation",
    "Class Name": "Nom du cours",
    "Select Class": "Sélectionnez la classe",
    "Student Subject": "Sujet de l'étudiant",
    "Select Fee Category": "Sélectionnez la catégorie des frais",
    "Full Mark": "Pleine marque",
    "Pass Mark": "Moyenne",
    "Subjective Mark": "Marque subjective",
    "Assign Subject Details": "Attribuer des détails sur le sujet",
    "Add Assign Subject": "Ajouter un sujet d'affiliation",
    "Assign Subject": "Attribuer le sujet",
    "Subject": "Sujette",
    "Edit Assign Subject": "Modifier Attribuer le sujet",
    "Assign Subject List": "Affecter la liste de sujets",
    "Edit": "Éditer",
    "Details": "Des détails",
    "Add Designatiobn": "Ajouter designatiobn",
    "Designation Name": "Nom de la désignation",
    "Edit Designation": "Modifier la désignation",
    "Designation List": "Liste de désignation",
    "Add Designation": "Ajouter une désignation",
    "Name": "Nom",
    "Add Exam Type": "Ajouter un type d'examen",
    "Exam Type Name": "Nom du type d'examen",
    "Edit Exam Type": "Modifier le type d'examen",
    "Exam Type List": "Liste des types d'examen",
    "Add Fee Amount": "Montant supplémentaire",
    "Fee Category": "Catégorie de frais",
    "Student Classe": "Classe étudiante",
    "Amount": "Montante",
    "Fee Amount Details": "Détails du montant des frais",
    "Edit Fee Amount": "Monte des frais d'édition",
    "Student Fee Amount List": "Liste des frais de frais d'étudiant",
    "Add Fee Category": "Ajoutez la catégorie des frais",
    "Fee Category Name": "Nom de la catégorie des frais",
    "Update Fee Category": "Mettre à jour la catégorie des frais",
    "Fee Category List": "Liste des cotisations de frais",
    "Add School Subject": "Ajouter l'école",
    "Subject Name": "Nom du sujet",
    "Edit Subject": "Modifier le sujet",
    "School Subject List": "Liste des sujets scolaires",
    "Add Subject": "Ajouter un sujet",
    "Add Student Class": "Ajouter une classe d'étudiants",
    "Student Class Name": "Nom de la classe d'étudiants",
    "Update Student Class": "Mettre à jour la classe d'étudiants",
    "Student Class List": "Liste des classes d'étudiants",
    "Add Student Group": "Ajouter un groupe d'étudiants",
    "Student Group Name": "Nom du groupe étudiant",
    "Update Student Group": "Mettre à jour le groupe d'étudiants",
    "Student Group List": "Liste des groupes d'étudiants",
    "Add Student Shift": "Ajouter un changement d'étudiant",
    "Student Shift Name": "Nom de changement d'étudiant",
    "Update Student Shift": "Mettre à jour le décalage des étudiants",
    "Student Shift List": "Liste de changement d'étudiant",
    "Add Student Year": "Ajouter une année étudiante",
    "Student Year": "Année étudiante",
    "Update Student Year": "Mettre à jour l'année étudiante",
    "Student Year Name": "Nom de l'année étudiante",
    "Student Year List": "Liste de l'année étudiante",
    "School Address": "Adresse de l'école",
    "Phone": "Téléphone",
    "Student Exam Fee": "Frais d'examen des étudiants",
    "Sl": "Sl",
    "Student Details": "Détails de l'étudiant",
    "Student Data": "Données de l'étudiant",
    "Student ID No": "Identifiant de l'étudiant non",
    "Session": "Session",
    "Class": "Classer",
    "Exam Fee": "Frais d'examen",
    "Discount Fee": "Frais de réduction",
    "Fee For this Student of": "Frais pour cet étudiant de",
    "Print Data": "Données d'impression",
    "Student Monthly Fee": "Frais mensuel des étudiants",
    "Student": "Étudiante",
    "Month": "Mois",
    "January": "janvier",
    "Febuary": "Février",
    "March": "Mars",
    "April": "avril",
    "May": "Mai",
    "Jun": "Juin",
    "July": "juillet",
    "August": "août",
    "September": "septembre",
    "October": "octobre",
    "November": "novembre",
    "December": "décembre",
    "Student Registration Fee": "Frais d'inscription des étudiants",
    "Registration Fee": "Frais d'inscription",
    "Fee For this Student": "Frais de cet étudiant",
    "Search": "Chercher",
    "Roll Generator": "Générateur de rouleau",
    "Year": "Année",
    "Select Year": "Année sélectionnée",
    "Father Name": "Nom du père",
    "Gender": "Genre",
    "Roll": "Rouler",
    "Add Student": "Ajouter un étudiant",
    "Father's Name": "Le nom du père",
    "Mother's Name": "Le nom de la mèree",
    "Mobile Number": "Numéro de portable",
    "Address": "Adresse",
    "Male": "masculin",
    "Female": "féminin",
    "Religion": "Religion",
    "Christian": "chrétien",
    "Protestant": "Protestant",
    "Islamic": "islamique",
    "Date of Birth": "Date de naissance",
    "Group": "Grouper",
    "Select Group": "Sélectionner un groupe",
    "Shift": "Décalage",
    "Select Shift": "Sélectionner le changement de vitesse",
    "Profile Image": "Image de profil",
    "Upload (Single File)": "Télécharger (fichier unique)",
    "Choose File": "Choisir le fichier",
    "Student Role": "Rôle étudiant",
    "Edit Student": "Éditer étudiant",
    "Select Religion": "Sélectionnez la religion",
    "Student Promotion": "Élève Promotion",
    "Promotion": "promotion",
    "Student List": "Liste des étudiants",
    "Id No": "Id no",
    "Image": "image",
    "Code": "code",
    "code": "code",
    "Add User": "Ajouter un utilisateur",
    "User Role": "Rôle d'utilisateur",
    "Admin": "Administrateur",
    "Operator": "Opérateur",
    "User": "Utilisateur",
    "User Name": "Nom d'utilisateur",
    "User Email": "Email utilisateur",
    "User Password": "Mot de passe de l'utilisateur",
    "Change Password": "Changer le mot de passe",
    "Current Password": "Mot de passe actuel",
    "New Password": "nouveau mot de passe",
    "Manage Profile": "Gérer le profil",
    "User Mobile": "Utilisateur mobile",
    "User Address": "Adresse utilisateur",
    "User Gender": "Sexe de l'utilisateur",
    "Select gender": "Sélectionnez le sexe",
    "Update User": "Mettre à jour l'utilisateur",
    "Edit profile": "Editer le profil",
    "User Type": "Type d'utilisateur",
    "Mobile N°": "Mobile n °",
    "Mobile No": "NO MOBILE NO",
    "User list": "Liste d'utilisateur",
    "Role": "Rôle",
    "Whoops! Something went wrong.": "Ooops! Quelque chose s'est mal passé.",
    "Dashboard": "Tableau de bord",
    "Exam Type": "Type d'examen",
    "Select Exam Type": "Sélectionnez Type d'examen",
    "Exam Type Fee": "Type d'examen",
    "Select Month": "Sélectionnez un mois",
    "Manage Team": "Gérer l'équipe",
    "Team Settings": "Paramètres de l'équipe",
    "Create New Team": "Créer une nouvelle équipe",
    "Switch Teams": "Équipes de commutateur",
    "Manage Account": "Gérer son compte",
    "Profile": "Profil",
    "Delete Account": "Supprimer le compte",
    "Permanently delete your account.": "Supprimer définitivement votre compte.",
    "Once your account is deleted, all of its resources and data will be permanently deleted. Before deleting your account, please download any data or information that you wish to retain.": "Une fois que votre compte est supprimé, toutes ses ressources et toutes ses données seront définitivement supprimées.Avant de supprimer votre compte, veuillez télécharger des données ou des informations que vous souhaitez conserver.",
    "Are you sure you want to delete your account? Once your account is deleted, all of its resources and data will be permanently deleted. Please enter your password to confirm you would like to permanently delete your account.": "Êtes-vous sûr de vouloir supprimer votre compte?Une fois que votre compte est supprimé, toutes ses ressources et toutes ses données seront définitivement supprimées.Veuillez entrer votre mot de passe pour confirmer que vous souhaitez supprimer définitivement votre compte.",
    "Browser Sessions": "Sessions de navigateur ",
    "Manage and log out your active sessions on other browsers and devices.": "Gérez et déconnectez vos sessions actives sur d'autres navigateurs et appareils.",
    "If necessary, you may log out of all of your other browser sessions across all of your devices. Some of your recent sessions are listed below; however, this list may not be exhaustive. If you feel your account has been compromised, you should also update your password.": "Si nécessaire, vous pouvez vous déconnecter de toutes vos autres sessions de navigateur sur tous vos appareils.Certaines de vos sessions récentes sont énumérées ci-dessous;Cependant, cette liste peut ne pas être exhaustive.Si vous sentez que votre compte a été compromis, vous devez également mettre à jour votre mot de passe.",
    "This device": "Cet appareil",
    "Last active": "Dernier actif",
    "Log Out Other Browser Sessions": "Déconnectez les autres sessions de navigateur",
    "Done.": "Terminé.",
    "Please enter your password to confirm you would like to log out of your other browser sessions across all of your devices.": "Veuillez entrer votre mot de passe pour confirmer que vous souhaitez vous déconnecter de vos autres sessions de navigateur sur tous vos appareils.",
    "Two Factor Authentication": "Authentification à deux facteurs",
    "Add additional security to your account using two factor authentication.": "Ajoutez une sécurité supplémentaire à votre compte en utilisant deux facteurs d'authentification.",
    "You have enabled two factor authentication.": "Vous avez activé deux facteurs d'authentification.",
    "You have not enabled two factor authentication.": "Vous n'avez pas activé deux facteurs d'authentification.",
    "Store these recovery codes in a secure password manager. They can be used to recover access to your account if your two factor authentication device is lost.": "Stockez ces codes de récupération dans un gestionnaire de mots de passe sécurisé.Ils peuvent être utilisés pour récupérer l'accès à votre compte si votre appareil d'authentification à deux facteurs est perdu.",
    "Enable": "Permettre",
    "Regenerate Recovery Codes": "Codes de récupération régénérez",
    "Show Recovery Codes": "Afficher les codes de récupération",
    "Disable": "Désactiver",
    "Update Password": "Mettre à jour le mot de passe",
    "Ensure your account is using a long, random password to stay secure.": "Assurez-vous que votre compte utilise un mot de passe aléatoire long et aléatoire pour rester sécurisé.",
    "Saved.": "Enregistrée.",
    "Profile Information": "Informations sur le profil",
    "Photo": "photo",
    "Select A New Photo": "Sélectionnez une nouvelle photo",
    "Remove Photo": "Retirer photo"
}